Country Name;Country Code;1970;1971;1972;1973;1974;1975;1976;1977;1978;1979;1980;1981;1982;1983;1984;1985;1986;1987;1988;1989;1990;1991;1992;1993;1994;1995;1996;1997;1998;1999;2000;2001;2002;2003;2004;2005;2006;2007;2008;2009;2010;2011;2012;2013;2014;2015;2016;2017;2018;2019
Reino Unido;GBR;441.800;432.200;435.200;446.300;429.400;397.100;409.300;413.300;462.600;476.900;477.500;434.000;433.200;435.600;457.900;471.700;498.900;522.900;573.300;639.100;670.700;615.500;654.600;659.400;684.900;724.800;772.300;788.900;801.900;840.800;876.158;925.638;924.944;891.154;970.036;1.018.118;1.037.032;1.044.883;1.056.206;1.003.893;985.109.023.067.177;1.062.692;105.070.290.909.091;1.052.640;1064175.7;1.104.117;1.180.312;1.182.696;1.242.985;1.061.464
Alemania;DEU;143.100;153.800;166.100;151.900;180.300;176.800;179.300;181.200;183.500;183.200;187.300;186.600;188.500;195.400;201.900;214.700;234.100;269.100;294.300;310.800;344.200;406.600;458.000;459.200;521.000;526.600;566.600;645.900;673.300;709.800;738.297;762.178;796.129;844.881;937.143;1.023.858;1.084.821;1.126.699;1.154.472;1.080.553;971.803.431.596.833;102.189.993.850.367;985.668.769.188.173;954.874;946.082;967.453;962.803;955.827;922.648.643.490.196;896.647.181
Japón;JPN;277.300;395.100;298.700;311.800;320.700;312.700;321.200;345.900;369.600;388.500;396.500;416.600;417.500;414.300;416.100;417.800;433.300;441.500;465.400;468.300;476.000;495.800;473.000;474.400;489.300;535.900;564.000;573.300;636.500;661.800;645.087;640.328;647.953;639.866;638.430;651.858;670.252;656.917;655.495;641.913;934.487.439.462.563;812.928;874.677;915.542.658;927.666;956.015;984.320;1.035.522;999.594;1.018.436
Argentina;ARG;71.700;75.600;79.000;71.100;79.000;89.800;90.000;93.600;96.500;103.700;114.400;113.800;103.900;109.100;101.400;100.500;102.300;111.800;106.200;101.600;114.000;78.500;86.300;83.300;99.500;112.400;131.400;171.600;144.600;183.600;168.815;124.493;113.178;91.657;90.518;81.298;74.162;79.465;74.649;74.546;928.475.065.402.624;902.145.205.338.809;101.716.268.913.446;145.136.020.724.733;134.521;145.585;149.334;146.631;161.862;163.106
Perú;PER;16.500;11.800;15.300;15.300;28.900;29.300;30.900;31.200;30.300;29.900;32.100;31.700;32.200;32.400;29.900;28.800;32.100;35.600;33.600;26.000;22.100;21.500;21.200;25.000;30.600;37.300;35.200;43.200;44.800;37.300;29.387;44.487;37.482;36.947;46.917;60.819;56.072;61.958;67.840;65.885;844.081.153.236.815;100.131;106.167;115.817.396.352.206;117.800;129.786;129.880;130.792;141.025.363;141.311
Gabón;GAB;11.200;11.200;11.000;11.300;11.200;11.300;12.700;12.100;11.600;11.800;12.000;12.200;12.600;13.100;12.600;12.300;12.300;12.500;11.000;10.700;10.400;11.300;10.800;10.900;12.000;12.000;7.100;10.000;10.100;7.300;7.445;7.492;7.474;7.990;8.342;8.505;8.524;9.057;5.654;5.423;751.615.985.130.111;3.002;1.553;0;;2.765;2.305;;;
Francia;FRA;215.400;211.600;232.500;230.600;239.100;246.300;255.700;256.300;258.000;262.400;248.400;254.400;268.600;241.000;259.900;261.200;274.400;314.400;368.200;393.200;441.700;408.000;413.700;459.800;479.000;482.000;549.900;667.500;691.800;748.600;811.776;777.756;734.679;695.865;682.263;728.081;805.731;825.471;827.851;771.675;738.003.426.442.238;754.292;739.353.599.757.151;641.440;610.197;607.168;599.427;599.256;597.412;598.374
Panamá;PAN;16.000;16.400;16.700;11.500;11.500;9.300;10.900;11.700;10.600;11.300;8.700;6.500;9.700;6.800;6.800;6.900;7.000;7.000;7.200;6.900;5.400;5.500;7.500;9.500;10.700;16.400;16.600;17.800;21.700;21.200;25.225;24.867;21.883;25.702;27.434;30.392;33.003;40.645;46.292;66.236;733.167.503.951.154;79.391;82.753;135.428;132.689.724.774.874;137.955;143.126;112.742;111.583;110.042
Guinea Ecuatorial;GNQ;;300;300;400;400;400;400;400;400;400;400;400;400;400;400;400;400;400;1.400;400;400;400;400;400;400;400;400;600;600;;;;;;;;;;;;717.170.923.379.175;2.808;8.201;19.416;14.136;22.350;22.464;20.590;7.930;8.114
Chad;TCD;4.000;4.100;3.900;4.000;3.800;4.000;4.200;4.200;4.300;4.400;4.500;2.400;2.600;2.600;2.000;2.100;2.100;1.600;1.700;1.700;1.200;1.800;1.700;1.900;1.900;2.000;2.100;1.800;1.800;1.500;1.518;716;;;;;;;;;699.531.448.355.453;984;664;72;72;;;;;
India;IND;97.500;64.700;96.600;94.300;69.000;90.600;94.700;99.000;105.300;100.100;100.000;104.600;106.500;113.500;120.400;139.900;151.000;159.500;157.600;156.300;125.800;117.500;120.300;105.300;130.100;168.400;151.300;182.500;196.100;180.500;198.426;206.690;231.413;263.870;302.790;330.484;453.921;569.033;592.292;601.977;623.196.778.558.652;695.626;678.125.937.793.064;689.094;724541.12;787.998;917.625;1.029.426;1.200.111.363;1.209.803
Tayikistán;TJK;;;;;;;;;;;;;;;;;;;;;;;;;3.200;3.500;2.600;2.600;2.600;3.800;3.953;4.511;5.936;7.210;8.494;6.987;2.976;7.891;8.191;9.758;570.966.891.573.827;7.320;652.989.687.626.775;6.263;7.985;6.884;6.472;4.135;4.021;4.283
Ghana;GHA;5.000;5.400;5.700;5.600;5.700;5.900;6.100;6.000;7.000;7.000;5.600;5.100;5.300;4.500;4.400;5.800;5.500;7.500;12.300;11.800;12.600;19.000;15.100;3.200;3.400;3.000;3.300;3.500;3.500;5.000;4.873;5.892;4.382;3.333;3.333;;;;;;564.566.956.713.294;10.683;14.902;16.560;16.764;20.539;21.628;21.224;11.635;15.617
España;ESP;146.900;159.400;167.300;176.400;178.800;181.800;184.500;192.700;209.300;214.200;207.900;188.700;191.000;194.000;184.900;181.700;180.400;183.000;207.200;225.500;244.700;262.600;289.700;282.200;282.300;313.200;332.800;370.400;387.900;414.200;485.856;517.481;493.019;518.836;549.963;586.438;602.978;657.606;616.893;547.971;546.298.853.885.983;535.074;471.440.886.886.395;465.558.909;486353.8;534.895;566.775;579.842;641.097;677.578.545
Indonesia;IDN;23.500;24.000;34.200;42.500;64.800;74.100;91.600;105.500;115.300;120.400;124.800;142.600;145.300;143.400;183.000;185.800;181.500;190.600;206.100;193.200;205.400;215.700;236.900;227.200;230.500;262.200;311.200;194.700;196.700;135.000;159.027;164.651;152.278;155.609;318.488;320.724;357.414;357.789;345.240;330.112;520.932.081.983.182;599.692.276.092.406;641.182.300.723.356;576.000;675.005.895.378.656;682.389;823.735;892.801;959.307.381;808.265
Camboya;KHM;1.300;4.400;3.900;4.100;3.800;3.400;3.400;3.400;;;;;;;;;;;;;;;;;;;;;;;;;4.648;4.512;3.893;3.207;3.998;4.324;3.667;3.304;510.472.222.222.222;7.191;7.432;118.970.432.386.171;14.732;12.983;11.933;14.372;14.387;14.850
Lituania;LTU;;;;;;;;;;;;;;;;;;;;;;;4.700;4.800;6.500;6.600;6.600;8.100;9.700;11.100;10.197;10.418;9.613;9.839;11.224;11.930;11.059;10.823;12.238;11.633;497.263.491.038.269;7.122;11.874;9.900;12.622;12.199;9.719;12.151;2.375;2.519
México;MEX;56.500;49.600;64.800;91.200;101.600;112.100;115.300;111.900;115.200;129.300;177.100;151.800;144.800;202.300;200.700;204.600;187.100;189.000;141.400;152.200;177.300;189.300;228.400;246.600;272.100;225.100;222.700;264.100;292.100;328.300;290.412;292.208;278.456;287.017;330.441;331.225;317.856;309.633;266.244;222.356;445.796.033.023.162;386.063.994.109.534;415.279.822.989.187;435792.09;457.921.907;508.614;555.984;567.921;583.408;605.632
Costa Rica;CRI;14.400;14.400;11.600;12.100;12.300;11.800;12.000;10.100;9.300;9.400;13.800;12.700;12.600;11.700;12.400;8.500;8.400;9.200;10.800;11.400;12.500;13.300;15.100;16.900;18.300;26.900;20.800;24.300;36.900;32.000;24.297;32.270;32.605;31.219;33.517;36.045;36.170;37.284;36.786;33.285;416.005.549.745.151;43.354;40.081;42.831;50.239;41.544;46.405;48.971;40.014;44.878
Jordania;JOR;4.200;4.400;4.100;4.500;5.600;7.000;8.700;9.300;10.400;11.900;14.000;16.500;17.100;16.200;15.500;15.200;14.800;15.000;15.500;17.400;14.100;11.000;14.300;15.500;16.000;16.800;17.100;16.700;15.400;15.900;16.447;15.893;16.369;15.354;17.958;19.689;26.546;29.415;30.804;32.490;393.187.915.976.253;403.291.978.021.978;39.468;38.998;38.386;36.622;38.161;36.946;36.127;36.550
Congo, República del;COG;3.700;3.700;3.400;3.600;3.600;3.800;4.000;4.000;4.300;4.400;4.300;5.300;5.600;6.100;6.000;6.400;6.700;4.400;4.500;4.700;4.100;4.800;4.700;4.900;4.900;6.300;5.400;10.200;10.300;6.000;6.257;5.235;4.505;4.783;;;;;;;375.533.363.289.149;4.817;7.011;12.132;10.380;11.462;10.604;8.439;4.976;4990.79
Países menos desarrollados: clasificación de las Naciones Unidas;LDC;168.900;173.200;167.600;178.100;170.500;189.900;211.000;187.300;193.800;210.100;225.400;235.300;232.400;241.500;233.500;233.200;228.900;222.300;224.700;210.200;209.300;199.600;193.900;185.500;195.300;187.500;198.100;187.400;185.400;161.600;170.335;164.604;156.854;159.470;180.304;187.173;188.247;217.552;185.775;202.446;351.440.234.369.991;3.946.052.789.404;391.789.929.869.241;448.045.815.238.617;457.116.151.040.793;427.560;441.789;536.718;598.229.964.489.686;538.364.299
Libia;LBY;6.200;6.600;7.400;8.400;8.800;9.500;9.800;11.100;11.100;11.600;12.200;13.400;14.900;16.500;16.700;16.600;15.400;14.400;16.400;17.000;18.200;19.000;14.400;9.100;7.100;5.800;6.100;6.000;6.000;6.100;6.194;5.884;5.884;6.414;8.042;13.335;12.657;13.477;9.930;9.812;348.780.771.737.788;277.705.020.633.663;165.144.315.772.057;32.064;26.414;13.298;10.764;9.686;12.340;11.339
Samoa Americana;ASM;;;;;;;;;;;;;;;;;;;;;;;;;;;;;;;;;;;;;;;;;342.057.075.456.399;357.761.386.138.614;39.630.036.477.332;8.580;9.144;;;;;
Malawi;MWI;3.800;4.400;4.400;4.300;4.300;5.000;3.900;4.900;4.700;4.200;3.300;3.500;4.500;3.700;6.000;5.700;4.400;3.000;1.600;3.500;3.600;4.000;3.800;3.300;3.400;3.500;3.500;3.600;3.600;4.400;4.806;4.708;4.620;4.940;5.290;5.446;5.528;5.888;4.416;4.376;334.039.012.345.679;3.172;320.116.692.164.608;1.644;1.644;1.687;1.818;2.327;2.327;1.354
mezcla de la AIF;IDB;82.100;73.100;63.500;85.600;73.100;107.500;118.700;120.700;131.100;140.300;159.200;153.000;140.200;147.500;186.300;198.600;195.700;199.800;212.400;216.600;210.600;203.900;204.900;174.600;223.700;192.200;188.500;276.000;274.600;261.900;259.610;253.222;195.329;187.227;194.329;206.217;224.301;230.626;220.463;218.602;307.973.333.632.891;332.475.373.030.012;33.215.324.708.561;338.572;313.928.452.949.339;346.813;346.480;341.414;368.667.211.146.022;382177.79
Bhután;BTN;;;;;;;;;;;;;;;;;;;600;600;600;600;600;600;600;900;900;1.000;1.000;1.100;1.138;1.297;1.948;1.890;2.306;2.467;2.566;2.720;2.772;2.706;305.339.992.695.398;414.603.177.501.826;3.553;5.820;8.772;4.640;6.065;4.215;5.187;5.067
Otros Estados pequeos;OSS;;;;;;;;;;;;;;;;;;;108.600;111.900;120.400;128.300;126.600;136.200;148.200;153.600;158.900;171.600;177.400;180.500.000.976.563;;;;;;;;;;;304.617.026.412.691;319.463.077.888.503;358.016.442.302.092;356.192;;427.339;472.428;;463.611.302.591.099;440.597
previa al dividendo demográfico;PRE;142.500;144.200;139.200;140.600;137.800;171.200;192.600;182.200;195.900;211.400;217.900;216.700;194.700;205.800;194.500;194.600;177.600;172.100;165.000;151.800;148.400;131.500;122.600;122.400;127.000;114.800;117.300;121.400;120.000;128.400;134.784;121.438;;;;;;;;;304.105.790.601.217;338.788.542.699.401;335.276.118.428.977;368.447.772;355.316.603.990.131;376.858;353.162;404599.38;474.721.211.146.022;451.470.089
Malasia;MYS;27.700;31.300;38.600;63.400;70.700;72.800;73.700;71.000;71.900;75.100;88.600;97.800;95.800;95.100;95.100;94.700;94.100;101.400;109.400;111.900;130.500;145.800;164.800;164.500;175.000;178.200;188.300;194.100;174.000;164.800;169.263;169.840;189.382;166.716;170.054;176.152;163.665;185.052;176.549;182.002;302.185.222.466.875;336.401;343.382;430.334.457.756.879;443318.55;463.740;447.001;473610.67;474.940;498.878
Mundo;WLD;9.448.300;9.504.500;;9.764.900;9.254.900;9.244.700;9.562.900;9.915.900;10.183.700;10.653.400;10.704.900;10.270.100;10.335.800;10.758.700;11.404.000;11.897.900;12.677.000;13.244.800;13.880.900;14.021.100;14.583.900;14.360.900;14.918.800;15.986.200;17.218.900;18.008.200;18.953.600;19.546.600;19.653.200;207.366.000.009.766;22.008.658;22.264.220;20.817.389;21.282.617;23.752.616;24.215.712;24.829.383;26.016.011;25.498.093;26.122.523;296.379.295.405.283;305.649.780.951.817;307.713.845.860.793;314.643.988.821.721;323.397.819.790.769;33.362.839;34.687.965;35.703.836.058;368.282.322.483.859;374.619.138.191.284
Somalia;SOM;1.900;2.500;2.600;2.700;2.800;2.800;2.800;2.700;2.800;2.800;3.000;2.600;2.200;2.300;2.600;2.400;2.700;2.800;2.500;1.600;1.600;900;;;;;;;;;;;;;;;;;;;271.690.992.767.916;2.815;2.791;3.540;3.444;;98;98;995;1.060
Países Bajos;NLD;84.200;84.800;85.900;87.500;88.700;85.100;85.300;89.100;93.300;93.100;93.800;91.700;97.000;96.000;94.600;98.700;102.600;118.100;121.700;122.200;115.000;130.500;173.200;189.800;176.800;203.100;206.000;185.700;188.200;224.400;229.386;222.539;250.114;248.246;254.647;241.084;250.811;259.827;262.848;291.713;268.542.005.768.021;293.885.839.797.724;307.221;312.910;304.795;309.089;334.240;342.097;330.963.296;361.156
Emiratos Árabes Unidos;ARE;;;;;4.700;5.400;6.200;6.300;7.200;8.300;9.500;10.000;8.700;9.500;10.100;10.500;12.200;12.800;15.100;16.000;18.800;19.400;26.300;30.100;34.000;34.200;38.000;39.000;41.100;44.400;48.330;50.783;54.952;71.224;87.217;;;;;170.588;240.855.107.016.004;269.521;311.758;327.076;352.224;437.638;463.947;459.137;455.956;425.667.272
América Latina y el Caribe;LCN;712.300;681.000;695.500;706.800;743.800;781.500;804.400;786.700;801.600;907.000;983.000;943.200;1.056.500;1.149.700;1.188.600;1.171.500;1.192.600;1.214.500;1.198.200;1.220.900;1.231.900;1.250.000;1.287.400;1.380.200;1.442.900;1.462.700;1.532.800;1.727.100;1.806.500;1.985.500;1.838.871;1.916.893;1.756.505;1.562.182;1.584.616;1.656.212;1.695.244;1.833.458;1.800.913;1.838.212;230.357.168.762.511;243.114.782.405.656;254.981.618.361.562;273.298.641.507.694;284.058.799.664.724;2.898.758;2.826.420;2.748.629;280.582.129.213.874;283.672.158.312.836
Islandia;ISL;10.700;11.300;12.500;13.800;13.800;14.600;13.200;14.200;14.500;14.800;15.000;15.000;16.400;15.800;16.200;18.000;16.700;18.600;18.400;17.600;18.300;17.700;16.900;17.300;18.700;19.200;21.600;21.100;21.700;14.700;12.589;11.728;9.989;9.750;10.832;11.803;12.785;14.064;12.431;12.924;216.683.164.735.801;24.488;26.469;26.643;28.979;35.558;41.022;50.389;546.533.025.910.987;35.823
Cuba;CUB;15.600;17.900;19.400;17.400;15.200;15.800;17.100;13.300;17.100;17.500;17.200;15.900;18.000;20.300;17.100;16.000;18.700;19.400;17.600;18.900;19.400;12.000;9.900;8.600;12.500;12.800;14.400;16.800;19.700;15.700;12.264;11.728;9.773;8.998;10.937;11.484;11.533;11.874;11.686;10.653;212.354.502.809.087;183.028.583.708.965;158.697.722.047.845;23.292;15.468;17.592;20.058;13.144;8.830;7.140
El Salvador;SLV;8.800;9.400;8.700;8.800;9.000;9.200;9.500;12.000;11.900;8.700;8.100;8.100;9.000;8.300;9.200;9.400;9.700;9.500;9.400;9.600;10.700;12.400;14.600;15.500;18.800;20.000;20.900;19.100;19.400;32.000;37.098;26.059;19.407;22.063;23.660;23.964;24.879;22.465;21.056;19.339;209.612.770.874.618;24.699;26.622;29.114;31.662;28.671;28.670;27.995;27.601;26.305
Ingreso alto;HIC;8.017.300;8.160.400;8.143.400;8.268.400;7.702.900;7.569.000;7.782.900;8.154.000;8.366.900;8.687.700;8.654.000;8.197.500;8.165.200;8.433.700;8.939.400;9.439.800;10.179.900;10.651.200;11.222.100;11.348.000;11.854.500;11.646.900;12.039.700;12.144.400;13.275.300;14.021.900;14.841.400;15.309.900;15.438.200;163.904.000.009.766;17.696.541;17.489.910;16.177.393;16.732.835;18.548.529;18.703.965;18.821.000;19.400.201;18.783.409;19.015.727;207.201.789.766.091;209.315.465.755.899;206.102.199.635.401;205.870.159.738.634;206.017.419.070.244;20.982.212;21.593.637;21802395.92;220.869.222.083.547;224.440.203.981.284
Miembros OCDE;OED;8.133.200;8.249.300;8.243.100;8.396.900;7.783.800;7.621.700;7.812.900;8.148.200;8.358.200;8.656.700;8.626.800;8.163.600;8.180.500;8.496.300;8.959.000;9.435.300;10.143.900;10.624.000;11.144.500;11.291.100;11.820.000;11.504.200;11.921.800;12.007.700;13.134.300;13.823.000;14.642.600;15.164.300;15.334.100;16.377.600;17.600.208;17.360.330;16.031.097;16.571.184;18.373.498;18.673.068;18.773.087;19.311.555;18.651.471;18.616.819;203.016.512.366.618;204.124.751.292.468;202.810.553.818.976;203.008.582.984.916;203.442.343.676.493;20.746.257;21.324.113;21537722.92;218.428.347.870.813;22.214.375.543
América Latina y el Caribe (excluido altos ingresos);LAC;652.100;620.200;639.600;659.700;692.100;716.800;736.900;719.400;739.900;828.600;900.200;863.800;946.100;1.042.400;1.075.300;1.034.300;1.044.300;1.068.300;1.047.300;1.069.600;1.082.300;1.092.600;1.118.600;1.191.200;1.234.700;1.233.100;1.304.300;1.501.000;1.563.900;1.741.300;1.595.381;1.670.230;1.535.101;1.337.310;1.389.699;1.449.389;1.485.029;1.605.768;1.559.862;1.594.887;202.624.593.722.999;212.644.314.627.181;224.104.907.060.322;234.660.341.507.694;244.743.227.187.237;2.520.562;2.447.141;2.404.814;244.661.932.586.535;2.477.877
Bangladesh;BGD;;;;13.500;13.000;14.200;13.400;13.000;13.700;14.800;13.500;13.400;13.700;14.300;11.800;13.600;15.000;15.400;13.100;14.600;13.000;13.800;14.600;15.600;13.000;12.600;13.100;12.800;11.900;5.900;6.313;6.486;6.464;7.165;7.403;7.399;7.971;11.139;11.308;16.399;192.998.261.758.691;26.535;269.962.544.120.399;59.064;65.364;55.864;59.728;70.503;53.061;58.497
Países de ingreso mediano bajo;LMC;489.100;412.000;428.300;463.700;417.000;480.200;506.200;498.600;520.700;545.400;556.500;569.600;555.600;595.000;629.100;670.000;679.200;698.000;721.300;711.700;672.900;662.900;723.900;657.000;719.600;758.200;763.300;837.400;845.600;795.300;818.427;829.965;810.439;853.138;943.053;989.832;1.139.421;1.278.282;1.311.963;1.379.448;186.744.858.671.664;203.329.421.188.614;205.217.620.626.044;211.209.362.223.862;2.268.107.847.732;2.421.709;2.665.885;2.800.434;308.229.853.863.571;3.115.616.122
Irán, República Islámica del;IRN;17.100;18.800;19.300;22.200;25.100;32.000;38.300;41.900;41.100;23.000;18.600;11.600;24.900;30.900;36.900;27.200;35.200;34.500;31.000;36.500;39.900;41.500;37.700;41.600;46.500;48.600;63.300;83.400;79.600;75.900;82.610;141.396;92.621;138.537;109.706;121.235;136.075;137.645;122.226;133.932;158.014.183.450.955;161.191.677.604.321;153.142.822.223.706;161.029;162.563.374.175.832;133.663;159.754;225.399.088;207.096;186.006
Bosnia y Herzegovina;BIH;;;;;;;;;;;;;;;;;;;;;;;;;;;;;1.100;4.300;4.768;4.530;4.394;4.570;;;;;1.004;1.359;157.354.975.701.333;106.006.567.164.179;750.069.402.985.075;552;420;81;;;;108
Grecia;GRC;34.100;39.800;44.500;48.500;38.000;42.600;50.600;49.400;55.600;57.300;50.300;49.700;53.900;58.800;71.600;77.000;75.800;78.600;79.200;80.100;79.600;69.800;79.200;86.200;86.600;89.200;92.400;94.200;90.700;94.100;108.584;125.269;113.247;114.100;137.676;130.515;133.226;137.697;128.287;112.671;136.382.257.932.753;125.477.119.829.729;111.870;103.800;134.160;124.014;128.454;135.281;144.040;151.848
Singapur;SGP;27.700;31.300;30.300;21.300;22.800;23.800;25.700;27.500;30.300;32.800;32.500;29.900;29.900;34.600;29.800;31.100;31.600;32.900;34.900;32.000;30.500;35.000;39.100;43.100;46.100;51.600;57.200;60.700;61.700;68.400;71.042;72.431;72.444;64.117;76.253;77.119;84.747;87.564;91.387;83.772;131.721.915.559.326;144.696.875.455.373;157.939.317.765.257;165239.07;183.398.557.600.256;181.563;207.203;203.615;208.787;215.014
Europa y Asia central (BIRF y la AIF);TEC;;;;;;;;;;;;;;;;;;;;;;;;1.061.500;961.000;898.200;771.400;691.600;583.200;660.600;677.777;725.169;713.991;759.539;827.774;856.265;931.341;1.002.485;1.109.461;1.114.171;128.997.522.735.896;143.723.938.610.583;152.451.982.022.895;167.154.250.323.624;1798548.52;1.898.797;1.954.498;2.078.621;2.173.188.545;2.262.668.332
Bélgica;BEL;40.800;40.700;41.000;40.400;37.300;36.100;39.900;42.800;46.000;48.000;47.800;43.000;40.400;39.100;40.400;43.200;45.300;45.900;51.200;59.700;66.500;70.000;77.100;109.100;118.700;141.200;164.700;182.700;213.000;233.300;225.906;178.331;133.682;132.779;154.218;151.939;158.016;173.818;179.019;249.997;127.677.532.209.862;131.577;132.099.342.541.943;130.230;13.297.652.964.928;141.116;147.324;145.540;140.674;137.206.817
Oriente Medio y Norte de África;MEA;157.700;174.900;184.900;201.500;232.400;242.100;284.900;311.300;341.300;341.700;353.100;361.800;357.800;389.900;394.100;382.900;389.900;381.200;406.400;414.200;415.100;385.000;441.300;467.800;491.800;483.000;519.600;545.200;535.600;571.700;613.217;665.244;621.484;683.657;701.240;590.992;648.841;707.006;680.702;1.003.079;126.772.228.423.836;129.281.915.016.265;135.369.409.193.799;1427157.5;150.106.114.161.639;1.561.886;1.691.849;1.780.821.468;181.240.975.353.017;1.765.481.272
Benin;BEN;1.400;1.300;1.000;1.100;1.000;1.100;1.200;1.100;1.100;1.200;1.100;1.600;2.000;2.000;2.000;2.100;2.700;2.600;2.600;1.100;500;1.200;1.100;1.300;1.300;1.300;1.500;1.500;1.500;1.500;1.518;716;;;;;;;;;125.545.454.545.455;1.381;1.381;1.728;648;1.209;10;;;
Canadá;CAN;305.200;292.500;291.400;348.900;371.900;363.800;352.900;348.000;349.200;357.700;382.000;383.600;344.000;325.300;343.600;351.900;343.000;333.800;380.900;370.200;346.800;257.800;258.700;243.700;253.500;282.800;305.800;310.800;317.800;319.600;963.468;982.013;263.906;1.036.092;988.755;1.018.480;1.042.100;1.188.947;1.200.361;1.198.381;123.452.861.925.597;124.574.361.579.713;128.019.818.557.714;126.329.733.686.341;1.290.419;1.322.033;1.359.442;1.443.818;1.250.460;1.215.983
Estonia;EST;;;;;;;;;;;;;;;;;;;;;;;5.500;5.700;5.700;6.500;5.100;7.800;11.400;10.600;9.199;9.133;8.324;8.522;7.814;8.350;8.183;9.214;11.478;8.592;122.079.705.512.659;13.492;26.778;13.356;13.524;13.954;16.179;528;1.583;22
Europa y Asia central (excluido altos ingresos);ECA;;;;;;;;;;;;;;;;;;;;;;;;1.006.600;897.200;830.600;703.400;611.000;512.600;583.000;585.153;614.331;607.061;639.807;699.078;716.247;783.495;839.583;939.316;948.612;112.106.422.735.896;127.062.138.610.583;136.518.482.022.895;151.994.550.323.624;1654043.72;1.759.692;1.797.519;1.893.325;1.966.459.545;2.045.029.332
Portugal;PRT;47.600;53.500;58.100;65.100;66.400;32.800;28.200;29.200;30.800;31.400;33.500;34.100;35.100;35.300;33.900;31.000;31.700;34.600;39.500;40.300;45.000;47.000;59.900;63.300;65.900;71.600;80.500;94.700;97.600;117.200;112.462;96.049;112.324;117.404;127.025;148.604;119.668;138.093;159.135;123.551;111.961.407.853.906;129.004;131.870;158.096;157.702;160.003;154.448;170.444;182.753;186.711
Montenegro;MNE;;;;;;;;;;;;;;;;;;;;;;;;;;;;;;;;2.411;;4.978;4.974;5.560;;;;;100.640.086.862.106;7.707;7.485;7.164;6.492;6.864;6.842;6.436;6.887;7.192
Países pobres muy endeudados (PPME);HPC;187.100;186.500;178.200;180.600;174.400;200.500;210.200;188.500;198.400;206.900;209.300;207.700;200.600;198.200;198.600;192.800;176.500;178.500;183.300;180.200;178.500;174.100;163.700;149.400;143.800;137.800;154.100;159.000;152.500;145.800;143.612;137.114;;;;;;;;;26.682.228.924.497;307.977.717.076.074;311.610.290.559.514;329.263.772;346.254.152.913.158;345.543;341.547;383.488;410.069;415.574.089
América Latina y el Caribe (BIRF y la AIF);TLA;696.700;663.000;675.900;689.000;728.300;749.400;770.800;756.300;766.700;859.000;933.500;918.700;1.029.000;1.120.000;1.162.800;1.136.900;1.154.500;1.175.700;1.160.400;1.181.100;1.192.900;1.218.400;1.260.800;1.353.900;1.412.700;1.430.600;1.498.300;1.701.200;1.777.500;1.938.700;1.795.191;1.875.770;1.720.239;1.528.729;1.543.862;1.611.517;1.649.988;1.787.182;1.755.794;1.797.292;22.559.412.373.442;238.445.196.568.567;250.330.641.141.084;267.550.641.507.694;277.175.399.664.724;2.832.631;2.757.267;2.685.336;274.071.529.213.874;278.184.858.312.836
posterior al dividendo demográfico;PST;7.862.000;7.996.500;7.982.800;8.109.600;7.522.800;7.372.300;7.562.100;7.898.000;8.100.600;8.387.000;8.328.300;7.901.900;7.878.500;8.142.800;8.615.800;9.092.400;9.831.200;10.310.800;10.835.900;10.937.400;11.438.000;11.229.100;11.615.900;11.684.200;12.761.400;13.485.000;14.270.600;14.686.400;14.791.900;15.678.400;16.933.507;16.714.073;15.385.330;15.869.640;17.597.666;17.822.494;17.855.201;18.271.239;17.590.453;17.494.249;18.825.974.832.211;189.203.909.777.659;18.681.652.670.384;185.935.510.638.634;185.151.939.872.495;18.728.288;19.131.561;19260709.92;194.369.529.057.636;197.772.704.581.284
Países de ingreso bajo;LIC;111.900;115.000;102.400;96.300;100.100;112.500;129.300;123.700;123.400;122.000;124.500;126.400;122.600;124.900;127.100;118.600;119.500;117.300;113.200;117.300;116.700;110.000;109.900;108.400;116.800;105.300;111.800;104.200;94.100;103.200;115.056;113.321;;;;;;;;;18.442.350.041.523;212.253.101.917.447;202.275.766.964.815;215.809;216.276.310.289.755;188.495;192.890;212.967;204.438.753.530.167;209.047.299
Finlandia;FIN;44.900;48.400;51.500;55.100;60.700;64.300;62.600;56.400;60.000;61.100;70.800;74.100;72.200;68.900;68.800;70.300;66.400;77.300;84.000;89.800;93.400;92.000;93.600;90.300;91.000;97.000;103.200;113.300;119.000;120.700;145.174;128.881;108.923;107.026;109.209;107.108;114.699;118.686;114.371;104.740;13.240.828.422.807;144.467;138.914.132.653.061;138.987;140.256;153.849;162.119;118.856;125.804;131.089
América del Norte;NAC;5.404.400;5.291.700;5.276.600;5.407.100;5.022.300;4.939.900;5.043.400;5.143.900;5.206.200;5.399.500;5.344.700;5.011.900;4.916.100;5.136.200;5.549.800;5.905.800;6.449.000;6.731.800;7.009.400;6.892.300;7.195.400;6.881.700;6.836.800;6.671.500;7.503.500;7.965.000;8.337.600;8.253.700;8.142.200;8.831.000;9.784.346;9.517.253;8.302.667;8.825.200;10.554.981;10.988.079;10.781.083;11.004.451;10.254.839;10.380.744;11.329.725.619.256;113.035.116.157.971;111.445.581.855.771;110.087.953.368.634;10.846.743;10.820.701;11.000.033;11.082.914;11.130.969;11.315.014
Egipto, República Árabe de;EGY;14.500;12.800;15.700;14.800;17.000;15.100;16.900;18.600;18.700;21.300;25.700;27.600;28.100;29.700;29.900;31.500;29.800;30.900;33.800;35.200;19.800;25.700;34.100;31.300;38.000;39.000;41.300;41.600;39.500;44.300;47.418;41.373;41.858;42.152;42.189;44.730;47.444;51.440;57.510;56.414;104.036.125;787.260.909.090.909;92.303;100735.5;101.725.767.440.561;108.206;115.856;105.464;105.097;113.055
Estados Unidos;USA;5.099.200;4.999.200;4.985.200;5.058.200;4.650.400;4.576.100;4.690.500;4.795.900;4.857.000;5.041.800;4.962.700;4.628.300;4.572.100;4.810.900;5.206.200;5.553.900;6.106.000;6.398.000;6.628.500;6.522.100;6.848.600;6.623.900;6.578.100;6.427.800;7.250.000;7.682.200;8.031.800;7.942.900;7.824.400;8.511.400;8.820.878;8.535.240;8.038.761;7.789.108;9.566.226;9.969.599;9.738.983;9.815.504;9.054.478;9.182.363;10.095.197;10.057.768;9.864.360;9.745.498;9.556.324;9.498.668;9.640.591;9.639.096;9.880.509;10.099.031
China;CHN;;;;;21.200;26.600;27.700;28.800;34.000;63.000;51.000;57.300;69.800;74.000;92.500;102.200;127.900;159.700;176.900;159.200;196.000;190.300;200.300;261.600;325.900;397.600;493.000;470.200;510.500;547.800;572.921;840.911;932.064;946.354;1.209.900;1.349.269;1.542.564;1.753.550;1.853.088;2.140.124;2.377.789;2.538.667;2.779.741;3.073.450;3.356.756;3.616.026;3.952.098;4.359.033;4.692.008;4.963.752
Brasil;BRA;137.700;149.300;156.700;173.200;204.800;209.100;206.100;194.900;193.000;211.100;232.500;236.900;240.200;259.900;337.100;335.100;367.900;386.200;401.900;398.700;415.900;457.700;405.500;400.100;408.300;453.500;483.600;568.600;609.900;692.600;628.081;654.106;627.878;486.777;486.025;514.700;560.838;649.738;647.753;752.225;841.793;970.561;1.002.565;952.307;937.437;944.557;826.943;803.846;832.683;814.301
Irlanda;IRL;29.000;27.500;25.200;25.700;27.500;25.800;27.100;27.400;27.700;31.100;28.400;27.700;26.600;26.300;30.800;32.500;33.500;36.600;61.400;73.000;79.500;82.400;76.700;69.000;70.300;84.000;95.000;107.200;122.700;132.700;145.457;156.277;177.032;231.296;261.345;303.697;350.204;416.205;483.741;528.098;601.262;635.065;648.817.651.510.641;641.412;658.512;718.059;836.293;883.323;935.913;967.456
Australia;AUS;283.300;288.000;283.800;256.500;18.700;18.700;29.300;246.600;259.100;259.000;257.700;230.800;222.700;230.500;214.200;238.600;266.600;283.300;294.400;230.300;255.900;283.600;324.600;347.700;405.600;396.100;371.200;394.500;378.200;384.800;382.514;388.734;536.867;529.648;324.939;342.509;352.909;353.546;393.363;403.256;572.906;593.145.002.471.011;622.917;641.451;664.970;668.961;682.937;672.349;665.384;684.170
Federación de Rusia;RUS;;;;;;;;;;;;;;;;;;;;;;;;815.400;683.400;586.300;464.700;395.300;280.500;321.400;314.621;329.935;345.262;350.963;398.958;390.824;421.170;467.670;522.577;475.261;523.759;596.042;636.748;678.071;747.804;767.043;746.446;815.708;885.094;986.608
Turquía;TUR;28.700;32.000;34.700;36.700;30.600;27.200;32.000;33.400;30.400;31.400;18.900;25.300;24.000;24.600;28.400;31.600;31.700;32.900;36.800;38.300;44.200;38.600;58.600;70.500;75.100;78.500;84.900;92.800;103.900;111.400;119.945;111.342;105.996;104.377;121.815;145.952;177.088;197.132;215.275;271.835;369.174;420.222;476.115;568.212.396.628.194;628.104;706.067;743.673;742.260;772.925.545;741.933
Italia;ITA;183.500;196.300;204.800;184.900;185.100;171.700;171.100;166.900;159.700;160.700;162.500;152.800;158.900;160.700;161.100;174.700;172.400;180.100;189.700;214.200;229.400;231.500;261.400;265.300;268.900;280.000;306.800;321.400;338.200;358.900;367.584;393.484;350.552;385.911;382.317;445.968;447.749;431.647;382.590;382.897;335.280;32.877.158.001.328;306.320.503.320.053;258.027;264.899;273.462;277.671;243.811;251.621;260.599
Corea, República de;KOR;16.000;38.100;39.100;39.700;33.100;29.400;27.500;30.300;34.000;39.800;37.100;34.900;38.900;41.700;47.900;49.100;53.100;59.100;69.200;143.600;120.100;120.100;141.000;163.500;170.300;188.900;207.300;229.300;207.900;204.000;226.910;228.442;238.649;240.942;232.077;221.424;223.735;243.113;250.260;256.160;280.427;282.239;285.000;360.356;368.132;448.037;473.606;499093.92;527.807;549.454
Colombia;COL;145.800;125.200;115.400;103.300;75.700;70.300;69.200;63.500;69.300;70.100;65.500;69.400;157.900;158.800;133.300;124.100;123.900;118.200;118.600;127.000;116.900;124.500;147.100;167.200;181.500;193.700;195.200;224.800;234.700;208.600;199.370;190.465;179.994;171.933;153.204;162.095;175.006;185.872;187.382;196.298;226.094;237.570.829.047.845;254.059.928.996.848;304.365.908;349.864.363;368.947;366.188;355.039;358.874;371.985
Suiza;CHE;84.600;86.500;83.100;85.700;87.700;89.500;89.300;90.500;93.600;95.300;97.700;95.900;109.200;111.400;111.600;115.800;122.200;122.700;132.000;145.900;152.100;150.800;157.600;168.900;174.900;191.200;218.200;220.800;250.300;276.300;289.031;284.899;242.800;189.121;144.703;134.839;125.126;139.124;158.788;168.280;224.807;244.994;257.233.254.295.533;266.128;263.267;250.094;229.530;216.436;219.782;225.755
Nueva Zelandia;NZL;83.600;86.600;90.600;96.900;103.700;103.400;98.100;89.100;90.200;91.500;87.700;78.000;75.000;78.600;90.500;96.200;93.100;98.700;111.500;126.500;128.300;109.200;122.900;123.600;125.800;127.600;187.400;256.800;236.100;227.500;240.046;266.139;242.720;247.388;196.657;209.469;220.990;219.243;220.375;217.178;207.872;206.937;203.388;203.520;189.722;186.209;181.125;184.762;187.851;192.514
Filipinas;PHL;95.100;69.000;65.300;66.900;62.700;67.800;70.000;63.400;58.000;61.700;48.900;48.300;51.100;56.800;57.000;57.700;62.900;67.400;71.200;74.200;70.100;63.200;65.100;60.800;61.600;64.000;64.700;65.500;61.800;40.300;44.547;60.511;57.193;56.235;56.647;58.944;61.712;65.212;72.333;87.028;205.318;225.789.683.645.565;241.698.559.028.508;200.532;287.460;325.859;345.482;273.159;292.450;320.569
Tailandia;THA;25.600;27.300;26.600;26.900;28.800;29.700;29.500;28.400;29.000;30.800;32.600;34.100;36.800;40.000;44.200;47.400;49.600;48.300;54.600;61.800;69.500;69.800;72.700;76.200;80.700;86.500;91.700;94.900;93.500;95.400;101.591;102.414;97.750;93.576;128.178;124.347;126.845;129.703;125.907;123.541;201.306;227.322;252.368.898.405.228;298.450;338.053.981.662.592;392.664;413.880;448.477;475.886.496;489.963
Sudáfrica;ZAF;39.800;46.000;47.600;47.800;55.700;58.600;59.400;58.500;58.100;63.100;64.600;69.800;70.100;64.100;67.200;64.200;51.000;55.800;60.800;81.200;84.000;78.600;79.900;93.700;89.300;74.300;88.400;102.200;93.200;103.800;110.392;122.561;116.985;130.938;133.222;148.146;146.648;152.550;156.567;151.292;190.441;191.506.866.330.359;197.817.300.311.111;184.763;199.600.522.813.668;209.734;212.865;216.275;234.156;243.803
Arabia Saudita;SAU;25.200;26.400;26.000;25.000;29.500;35.500;47.700;64.800;74.500;84.100;94.400;100.400;99.000;101.400;103.700;100.500;95.500;91.000;92.700;89.900;92.700;79.000;95.100;100.000;102.500;98.100;100.700;100.300;101.100;106.900;108.981;107.984;108.598;108.322;113.329;116.280;131.528;150.521;148.335;156.500;177.608;193.536;208.986;216.636;232.908;236.468;256.635;270.924;267.295;269.872
Austria;AUT;14.900;16.500;18.400;20.900;20.000;21.000;23.100;24.000;25.800;26.100;27.200;27.800;36.400;37.700;38.000;37.800;37.700;38.700;40.100;39.900;42.000;47.400;63.600;73.000;87.700;109.000;118.100;121.300;127.900;127.200;138.700;133.561;135.516;128.449;137.049;141.968;149.512;151.070;150.738;138.942;176.195;166.729.997.287.091;162.715.735.981.131;166.251;162.576;152.056;149.030;156.761;130.260;330.226
Hong Kong, Región Administrativa Especial;HKG;;;;;;;;;;;;;;;;;;;;;;124.500;147.100;167.200;181.500;193.700;195.200;224.800;234.700;72.400;79.182;85.003;91.096;87.070;111.136;122.705;130.014;141.372;144.039;149.809;158.255;173.112;18.550.637.822.568;199.639;215.562;228.582;235.581;243.518;245.146;242.173
Estados pequeos del Caribe;CSS;35.100;34.100;35.300;27.400;28.800;45.500;60.300;55.300;54.200;72.100;76.400;72.600;99.200;111.600;113.900;134.100;136.300;133.600;133.000;131.800;126.300;137.200;134.300;139.300;144.800;149.500;137.200;112.900;114.300;148.100;138.632;155.940;137.987;137.727;100.958;101.132;99.817;104.274;104.600;92.285;126.300;147.475.438.423.049;171.025.626.310.282;198.637;252.495;247.773;245.933;250.510;24.273.492.913.874;
Hungría;HUN;6.200;3.200;3.000;3.800;4.500;4.000;4.300;11.800;13.700;15.500;15.600;16.100;16.600;15.700;17.000;17.200;17.100;17.300;16.200;17.500;18.900;16.600;19.800;23.100;20.900;21.600;24.900;25.700;27.500;30.200;32.297;31.654;33.290;40.233;46.837;47.362;45.781;51.003;49.795;45.861;111.307;120.826.212.389.811;888.018.316.511.268;103.080;123.708;145.492;137.605;158.454;183.541;213.664
Viet Nam;VNM;39.600;24.100;20.300;18.200;16.000;4.500;;;;;200;600;600;1.600;1.600;1.800;1.800;1.800;1.800;1.800;1.800;3.700;3.700;16.800;21.200;27.100;27.800;33.500;29.700;29.000;28.999;35.658;42.588;41.996;50.855;54.415;50.840;60.218;74.739;83.720;109.176;135.905.672.936.536;135.300.414.088.577;149.527.817;167.386.363;205.217;248.580;264.548;283.787;332.029
Chile;CHL;24.900;27.000;24.800;21.200;21.500;16.600;14.300;14.800;14.100;12.500;13.700;18.300;20.700;19.200;20.100;25.300;26.300;29.000;35.300;36.000;40.100;36.600;48.200;58.600;68.800;77.800;93.700;109.300;119.100;92.500;87.945;82.942;78.187;82.789;86.140;93.003;94.770;101.008;108.565;97.473;108.840;123.739;125.120;127.631;124.480;116.532;116.238;124.316;134.661;143.964
Qatar;QAT;;;;;4.700;5.400;6.200;6.300;7.200;8.300;9.500;10.000;8.700;9.500;10.100;10.500;9.600;8.800;9.400;10.000;10.900;10.000;12.900;14.700;15.200;13.400;15.400;14.400;12.300;22.600;26.652;27.049;34.364;28.370;34.931;45.964;53.327;62.689;68.818;77.178;90.819;109.525;128.402;139.869;151.703;170.582;200.927;194.389;197.811;207.143
Venezuela;VEN;70.100;65.600;68.900;75.500;74.000;78.300;77.500;82.200;85.100;136.200;125.200;119.500;124.700;129.900;127.200;97.900;96.700;88.000;102.700;115.200;82.000;81.100;97.700;107.100;94.200;80.300;82.800;72.700;67.400;130.200;138.500;223.075;166.807;110.062;123.232;135.574;139.671;140.774;137.900;123.646;84.065;83.106;785.831.623.779.542;92.813;90.235;73.509;64.058;43.138;22.447;16.027
Polonia;POL;29.500;29.400;32.100;35.200;30.800;36.900;38.200;41.000;41.500;42.700;42.700;34.100;16.400;25.800;28.800;28.400;30.700;30.200;28.900;31.500;28.600;19.600;22.400;27.600;30.500;32.100;35.900;38.300;38.400;43.800;52.371;71.799;69.842;73.137;77.690;78.992;83.451;89.289;90.031;83.053;82.630;82.052;81.194;83.336;77.094;68.326;84.075;106.424;123.903;131.419
Kenya;KEN;10.500;10.100;8.900;9.900;8.000;12.200;14.500;6.400;8.600;8.500;9.300;9.100;7.400;8.900;10.100;11.100;11.800;12.000;11.700;12.100;13.000;11.700;13.200;13.900;13.200;13.500;14.400;19.600;19.800;25.100;29.080;24.741;25.873;27.057;26.218;28.399;29.039;32.329;32.045;33.593;78.265;84.955;82.576;98.244;90.625;96.749;99.428;117.027;134.354.484.622.134;138.192
Marruecos;MAR;10.100;12.900;12.800;16.800;17.200;19.500;24.500;25.200;25.000;24.400;14.800;17.200;8.700;17.800;13.700;11.600;12.200;12.600;13.600;14.100;27.100;18.600;25.800;37.400;34.500;32.700;32.000;35.100;40.100;43.900;44.542;44.262;37.160;35.937;41.526;48.651;55.239;68.847;61.298;62.037;75.306;69.940.912.476.723;611.613.007.019.091;68.700;72.345;75.044;80.085;86.735;80.154;91.254
República Checa;CZE;12.500;31.900;39.900;38.900;42.200;46.000;60.300;46.100;47.000;48.000;39.100;29.300;18.700;20.000;20.900;21.700;22.200;21.800;22.100;24.200;22.300;20.200;23.100;24.800;23.500;26.100;26.900;28.300;29.500;34.800;40.027;44.164;46.574;52.127;66.134;75.295;75.439;75.830;78.377;78.153;72.137;61.476;44.189;54.948;48.975;38.304;43.878;50.387;70.828;44.051
Ucrania;UKR;;;;;;;;;;;;;;;;;;;;;;;45.400;26.400;11.400;22.600;27.700;30.600;29.800;29.500;27.973;32.864;26.859;39.778;42.374;41.911;48.562;30.029;52.509;58.756;66.038;766.522.681.818.182;733.789.426.182.735;58474.09;47927.4;45.688;55.261;63.315;66.712;62.113.332
Pakistán;PAK;44.300;34.000;23.600;24.300;26.700;32.000;37.300;39.900;43.100;45.000;45.300;40.600;41.200;43.800;45.100;48.200;52.000;53.800;60.700;62.500;66.100;65.700;69.700;70.300;69.200;69.400;70.000;73.300;68.600;74.400;63.956;52.616;41.917;44.731;50.309;48.905;51.296;51.029;52.165;50.939;64.932;72.695;72.232;61.820;57.956;65.749;70.005;51.019;48.542;49.749
Bahrein;BHR;8.300;7.700;8.300;8.800;4.700;5.400;6.200;6.300;7.200;8.300;9.500;10.000;8.700;9.500;10.100;10.500;9.600;8.800;9.400;10.000;10.900;10.000;12.900;14.700;15.200;13.400;15.400;14.400;12.300;20.900;21.303;20.492;19.752;28.508;32.488;;;;;69.808;62.473;607.787.162.603.187;637.119.791.706.662;52.452;55.980;57.444;55.592;54.474;57.094;57.321
Nigeria;NGA;9.400;11.700;14.500;16.900;17.200;19.200;24.900;30.800;33.500;35.400;39.100;37.800;26.700;28.600;27.700;37.500;32.600;30.100;19.700;15.900;17.400;14.900;12.500;11.900;11.200;6.600;5.600;6.400;7.500;8.400;12.761;10.667;13.154;8.987;8.254;10.227;16.045;16.936;18.005;16.851;61.789;680.142.763.449.768;656.315.070.737.067;59.182;615.124.529.493.388;61.474;53.971;53.696;75.594.726.523.888;68.830
Rumania;ROU;6.600;6.600;6.900;8.400;13.600;13.200;15.900;22.000;17.900;18.100;18.200;12.500;17.100;18.700;22.100;23.000;24.600;23.700;23.000;24.100;22.000;20.200;16.100;18.100;21.300;22.200;17.100;25.600;15.400;17.900;23.298;20.781;17.748;26.844;30.524;38.995;42.754;51.222;55.386;57.893;61.515;57.823;51.685;43.956;42249.8;45.596;46.733;52.063;55.637;58.509
Ecuador;ECU;28.200;21.100;19.900;20.700;19.600;20.800;21.500;23.000;24.700;25.600;27.900;27.400;27.300;26.500;26.600;26.300;27.000;27.600;27.300;27.800;27.900;27.900;20.300;45.000;43.400;21.800;22.500;26.200;26.900;20.200;18.419;16.523;15.407;24.801;28.422;29.844;31.016;44.842;49.162;46.485;60.835;49.193;542.509.226.188.785;58.687;61.248;61.649;55.430;50.837;53.033;50.575
Letonia;LVA;;;;;;;;;;;;;;;;;;;;;;;800;4.700;5.400;5.200;10.900;8.200;9.900;9.100;9.816;9.508;9.364;10.360;16.159;23.112;29.067;28.182;28.915;27.123;54.589;54.241;46.732;43.836;42.107;41.376;42.392;47.885;54.356;61.692
Argelia;DZA;14.800;17.400;19.300;26.200;29.300;31.900;34.400;32.900;35.000;34.800;36.500;38.200;38.700;40.300;43.400;46.200;50.500;48.400;49.400;45.700;44.100;45.600;45.900;45.400;45.500;47.000;45.100;49.600;44.200;36.400;40.202;49.274;46.015;44.315;48.531;45.692;44.822;44.136;31.026;52.731;53.088;53.286;54.292;55.516;60.066;65.940;73.465;74.714;77.463;76.001
Estados pequeos de las Islas del Pacfico;PSS;;;;;;;;;;;;;32.500;32.200;35.000;32.300;33.100;35.900;45.500;45.600;45.400;45.400;51.700;44.600;52.800;60.700;65.400;111.300;121.400;89.300;87.674;95.413;72.759;67.062;69.538;70.306;78.717;77.907;78.100;78.761;51.069;368.082.522.848.901;346.919.841.711.748;35.340;51.276;55.485;58.321;62.670;65.342;64.745
Etiopía;ETH;20.100;20.600;21.400;21.600;19.800;16.300;18.600;12.300;9.700;8.300;8.100;12.000;13.700;14.800;16.000;21.600;23.700;24.400;22.900;23.600;20.600;20.000;25.000;24.200;25.600;26.200;24.800;28.100;27.100;24.900;26.624;28.128;28.359;27.204;29.546;30.961;33.644;37.528;39.804;44.154;48.783;57.728;62.136;68.131;71.166;83.940;94.330;99.263;110.971;119.542
Israel;ISR;9.700;19.800;20.600;20.000;19.700;8.400;9.200;10.100;19.100;18.900;18.500;19.200;18.500;18.500;21.100;22.500;22.700;21.800;27.800;29.600;29.500;29.900;39.100;41.900;44.200;48.000;50.000;51.400;50.100;51.600;56.427;47.648;49.404;46.334;34.152;34.104;36.257;47.038;45.309;47.856;47.829;47.195;47.073.827.458.256;46.644;49.177;49.020;50.548;50.330;53.901;47.318
Nepal;NPL;11.800;11.500;11.400;12.000;12.000;11.800;12.200;12.300;12.900;16.800;17.600;17.000;16.900;16.600;19.500;20.300;20.300;16.600;24.000;25.800;25.800;23.000;22.300;21.800;25.900;27.200;28.400;28.400;28.600;12.000;12.130;12.306;4.324;4.912;5.846;6.255;6.920;6.918;6.952;6.804;45.990;44.126;34.745;30.612;19.560;19.395;24.063;58.880;97.598;27.035
Kuwait;KWT;6.700;6.800;6.800;7.000;7.600;8.400;9.700;11.600;12.500;12.500;12.900;13.400;13.300;14.600;14.700;14.200;14.300;14.300;15.000;15.600;10.000;7.200;14.300;16.200;17.200;17.900;19.400;17.200;18.700;17.300;17.486;16.682;18.929;17.833;19.512;19.142;20.673;17.685;17.999;18.191;41.848;31.753;28.814;27.305;26.610;30.073;33.387;42.782;46.450;50.959
Antigua y Barbuda;ATG;;;;;;;;;;;;21.300;35.800;40.200;45.900;55.500;65.000;65.000;61.700;58.000;58.000;67.300;68.200;70.800;74.000;77.700;77.700;69.300;70.100;68.200;62.070;72.001;63.361;67.163;25.700;26.985;26.175;27.746;28.356;26.371;39.865;36.533.603.996.772;336.060.392.244.309;52.572;46.404;40.047;40.928;24.019;23.206.966.273.393;219.305.831.283.564
Luxemburgo;LUX;7.100;9.100;8.200;7.500;7.900;8.000;8.200;8.300;8.600;8.600;6.000;6.200;7.300;6.900;7.500;7.900;9.200;10.300;10.400;10.600;12.300;13.200;15.200;15.300;18.900;7.300;8.200;23.200;24.600;29.900;34.007;38.239;25.102;40.831;42.447;42.304;43.777;47.209;47.639;51.932;38.716;38.937;43.021;44.059;47.215;48.569;48.255;48.289;51.824;51.938
Bolivia;BOL;11.800;11.500;11.900;11.500;11.400;14.600;13.800;14.800;16.400;17.800;18.500;16.700;15.000;15.500;14.900;15.400;17.400;15.300;15.900;16.100;15.600;15.100;14.000;12.600;15.300;16.600;31.700;34.700;32.000;24.000;21.566;20.007;20.560;28.901;25.764;25.644;21.978;24.089;21.088;19.011;37.019;407.514.507.216.495;419.746.792.042.443;33.467;510.170.018.723.656;42.682;45.722;54.102;56.592;49.931
Kazajstán;KAZ;;;;;;;;;;;;;;;;;;;;;;;;5.900;5.900;20.900;10.300;10.300;10.400;9.100;8.041;8.398;15.426;19.560;11.754;17.302;19.160;19.138;19.229;18.832;33.483;40.916;44.580;66.108;71.220;72.486;73.188;83.048;66.693;70.980
Omán;OMN;;;;;4.700;5.400;6.200;6.300;7.200;8.300;9.500;10.000;8.700;9.500;10.100;10.500;9.600;10.200;10.800;11.400;12.300;11.400;14.400;16.200;18.800;15.700;17.900;17.500;16.300;22.200;22.322;23.213;23.168;27.751;31.871;;;;;25.542;32.850;35.560;39.638;46.816;47.126;56.544;61.956;71.293;76.672;79.436
Papua Nueva Guinea;PNG;;;;;;18.800;18.900;18.100;20.400;20.300;19.200;19.100;19.400;18.300;55.400;53.900;57.300;64.700;69.500;71.400;62.400;56.700;53.200;24.700;57.800;26.800;26.800;29.300;29.600;27.100;27.512;29.826;31.147;17.704;18.712;19.606;21.935;21.700;21.751;21.450;32.741;363.643.197.806.363;37.309.857.693.979;30.012;34.068;51.680;48.892;53.696;41.173;54.328
Túnez;TUN;6.600;5.700;6.900;8.600;9.500;11.200;11.300;10.800;11.300;12.500;12.300;13.500;13.800;13.700;13.800;13.800;11.200;13.000;12.500;13.100;12.900;12.300;12.500;13.300;14.400;14.900;13.800;17.200;19.700;20.100;19.907;19.385;18.538;18.738;20.554;21.268;21.715;21.734;24.385;24.225;31.098;321.799.168.975.069;37.233;48.804;60.419;35.540;38.631;39.856;41.446;36.763
Trinidad y Tobago;TTO;12.500;10.300;9.400;9.000;8.000;12.100;13.600;11.800;8.300;12.200;15.100;13.700;24.200;23.200;23.300;22.800;25.000;20.000;21.300;21.800;21.500;23.400;23.100;23.900;28.000;29.400;13.700;12.400;12.500;20.900;25.982;27.908;23.076;17.731;17.483;14.298;13.878;14.703;15.017;14.247;28.909;366.480.737.879.789;366.480.737.879.789;36.564;36.216;35.127;29.892;32.589;33.475;35.175
Bahamas;BHS;;;;;;15.900;16.000;16.500;17.200;29.900;32.000;8.200;9.200;9.100;8.400;18.100;18.000;18.300;19.500;20.200;18.900;18.900;16.700;17.700;17.700;19.300;20.100;9.100;9.300;31.100;31.416;29.395;26.493;24.455;29.817;33.211;33.723;34.402;33.433;30.267;26.395;28.393;30.640;34.188;53.366;48.535;49.095;48.017;54.000;47.733
Fiji;FJI;;;;15.500;17.600;17.800;17.600;12.800;13.200;15.200;21.200;19.200;15.500;15.500;15.700;15.800;14.200;13.100;23.700;23.600;23.500;23.200;27.200;27.000;31.000;32.600;33.600;86.900;87.900;57.300;57.776;62.768;37.685;38.732;36.920;41.886;46.866;46.359;46.467;45.595;26.127;18.142;160.112.858.124.356;11.748;19.140;19.487;20.906;21.855;24.134;25.859
Croacia;HRV;;;;;;;;;;;;;;;;;;;;;;1.900;4.100;9.200;12.000;13.300;15.000;16.700;16.800;15.900;16.955;18.258;19.340;19.751;20.482;22.031;21.641;22.391;24.728;24.613;24.766;26.743;26.456;24.305;25.161;25.183;26.171;26.809;27.189;27.711
Uzbekistán;UZB;;;;;;;;;;;;;;;;;;;;;;;;;15.600;16.200;11.500;11.500;11.700;30.800;30.075;39.673;22.543;22.325;22.698;22.183;21.514;22.265;22.406;23.176;22.924;23.773;24.328;23.962;23.149;22.579;21.486;21.730;21.514;25.300
Eslovenia;SVN;;;;;;;;;;;;;;;;;;;;;;;3.900;6.700;6.900;7.800;8.000;8.600;9.900;10.900;12.082;13.220;14.881;16.402;17.310;18.071;19.505;23.165;24.477;25.478;21.840;21.370;18.141;17.212;16.557;17.931;17.825;18.488;18.444;16.717
Tanzanía;TZA;10.500;10.000;9.600;11.500;9.000;13.700;14.900;4.100;8.900;13.000;17.500;18.700;13.400;11.800;10.400;13.800;11.200;12.300;12.100;8.000;7.500;9.400;7.500;5.700;5.400;5.600;6.100;6.000;6.100;5.000;5.973;4.360;4.401;6.082;6.441;6.062;5.068;5.457;5.460;21.088;21.825;26.332.300.586.101;281.304.720.729.721;27.625.772;31.106.181;35.374;27.422;47.741;90.017;91.864
Afganistán;AFG;4.000;4.700;4.800;3.700;4.300;4.700;4.500;4.900;4.800;4.900;4.200;4.200;5.400;5.700;6.200;6.400;5.800;6.000;5.900;5.200;5.300;5.300;5.300;5.100;7.000;7.300;7.500;4.600;1.900;3.400;3.409;;;;;;;;;;21.677;25.021;17.775;21.696;25.920;23.532;22.770;24.207;10.454;7.334
Honduras;HND;21.300;20.600;17.800;18.000;17.800;15.900;14.600;13.900;15.500;17.200;19.500;13.200;13.600;12.100;11.300;11.800;8.100;11.300;14.700;15.100;17.100;12.500;11.800;13.700;;;;;;;;;;;;;;;;;21.574;18.287;16.760;26.796;24.216;24.813;24.315;9.482;14.832;16.602
Sri Lanka;LKA;4.400;5.200;4.400;2.900;4.200;4.400;4.000;5.300;3.100;1.700;3.800;4.100;3.500;5.400;5.900;6.700;5.800;5.800;6.100;6.900;7.900;8.200;9.100;8.900;8.900;8.900;8.800;8.800;9.300;10.100;5.206;11.386;10.480;12.603;18.699;19.712;20.979;21.020;20.512;16.632;20.921;26.052;31.373;32636.4;37.517;37.598;40.711;41.012;34.425;33.050
Yemen, Rep. del;YEM;2.200;2.800;2.900;3.000;3.100;3.100;6.800;7.000;7.100;7.100;9.200;9.300;7.900;9.500;9.900;9.900;15.300;13.700;14.600;13.800;14.100;11.300;13.900;13.100;12.400;4.900;11.800;7.000;7.300;7.800;14.608;14.973;15.495;14.706;16.746;17.306;18.843;14.403;14.462;14.652;20.600;201.767.285.260.675;168.074.072.955.955;16.932;16.056;5.126;4.538;1.669;2.342;
Myanmar;MMR;21.700;22.500;22.900;23.500;17.900;17.100;17.200;17.400;17.400;18.500;19.400;19.500;21.500;22.300;21.700;22.500;22.500;22.500;22.600;13.800;13.800;13.800;13.800;13.800;13.800;14.500;14.500;14.500;14.700;11.300;10.329;9.709;20.624;20.611;24.729;26.460;28.700;29.235;29.514;28.499;20.485;32.354;377.988.298.164.773;38.028;49.599;51.652;65.643;62.480;643.979.644.896.858;64.320
Líbano;LBN;20.200;20.800;21.400;22.700;23.800;22.400;23.500;21.400;22.800;23.000;22.500;19.400;15.200;19.000;13.000;11.100;8.200;8.500;11.300;6.800;10.300;9.300;10.000;9.400;9.900;10.900;9.700;10.300;10.100;10.100;10.435;10.317;10.808;10.819;11.807;12.013;11.274;12.172;12.306;13.532;19.882;21.306;21.880;23.568;23.580;24.066;24.549;25.550;25.740;26.942
Belice;BLZ;;;;;;;;;;;;;;;;;;;;;;;;;;;;;;;;;;;;;;;;;19.855;31.755;59.089;71.401;112.760;120.072;121.581;141.319;125.681.690.865.347;141.329
Vanuatu;VUT;;;;;;;;;;;;;400;400;300;200;300;300;300;300;300;600;700;1.100;1.300;1.600;1.600;1.700;2.100;1.300;1.402;1.446;1.547;1.211;1.477;1.580;1.643;1.742;1.775;1.667;17.212;112.182.976.736.216;11.905;12.144;10.848;10.425;9.037;12.287;11.723;13.866
Angola;AGO;;;;;;;2.600;4.800;5.000;11.900;12.800;15.000;13.900;22.400;10.700;13.100;11.100;11.100;11.000;6.800;6.900;7.000;6.900;5.600;7.600;7.300;7.700;7.300;7.400;5.100;4.399;4.354;4.343;4.633;4.849;4.948;4.965;5.277;3.361;3.236;17.060;12.282;13.072;14.496;13.716;13.116;15.482;13.494;13.978;13.647
Serbia;SRB;;;;;;;;;;;;;;;;;;;;;;;;;;;;;;;;14.000;19.935;17.205;19.729;17.048;19.664;19.971;19.568;17.208;16.893;17.303;16.841;18.156;28.944;31.304;31.958;29.705;28.160;30.964
Malta;MLT;2.400;1.900;1.500;1.700;2.100;2.400;2.400;2.500;3.400;3.600;4.300;4.600;4.800;4.400;4.000;4.000;4.500;4.700;5.300;6.000;6.600;6.800;7.500;9.500;11.300;12.800;13.600;13.400;12.700;14.100;15.394;15.056;14.594;14.390;14.356;14.768;15.359;16.895;17.334;18.362;16.828;14.891;13.845;14.257;14.022;13.639;12.305;12.799;20.903;19.412
Chipre;CYP;2.600;3.100;4.000;4.300;2.000;3.500;4.700;5.200;5.200;5.400;6.200;5.700;5.700;5.900;6.200;6.100;6.400;6.400;6.600;6.700;7.600;8.000;10.300;10.800;11.500;10.900;10.600;11.500;12.000;12.100;12.551;13.321;15.081;16.908;19.073;17.392;17.530;19.131;19.399;18.556;15.318;12.430;13.296;11.724;9.000;306;2.994;8.698;5.456;3.326
Mozambique;MOZ;;;;;;4.600;8.000;4.300;5.300;5.500;6.100;5.400;5.500;6.200;4.500;2.500;2.900;3.300;4.700;4.900;5.600;5.100;4.400;3.700;3.800;3.200;3.800;4.600;5.000;5.900;6.698;7.257;7.501;7.662;8.585;9.768;10.490;10.791;10.943;11.260;13.705;12.957;132.632.514.684.884;19.596;197.635.996.807.786;18.924;15.911;11.955;10.479;12.178
Región Administrativa Especial de Macao, China;MAC;;;;;;;;;;;;;;;;;;;;;;;;;;;;;;;11.673;14.161;15.378;14.355;21.126;23.572;25.154;25.016;19.009;14.258;13.411;14.368;15.890;17.859;20.158;21.472;23.574;22.924;24.411;28.685
Seychelles;SYC;;;;;;;2.000;2.000;2.000;2.000;2.000;2.000;6.200;6.200;9.800;12.500;16.200;14.800;14.700;14.900;15.800;16.300;6.000;13.600;13.400;14.000;17.200;17.900;18.900;18.500;18.966;20.249;22.449;18.647;19.281;19.581;19.526;20.727;11.896;11.238;12.989;14.202;11.262;14.592;14.556;17.124;19.178;20.539;18.671;18.704
República Árabe Siria;SYR;4.200;4.300;5.400;4.500;7.600;6.800;8.300;8.800;8.600;7.900;7.600;8.900;8.400;8.200;6.800;5.500;7.000;7.300;6.500;9.600;11.200;12.900;9.700;8.400;8.800;8.900;9.000;10.700;9.100;11.200;13.959;13.580;12.975;13.953;16.325;16.815;17.082;18.909;18.960;19.229;12.699;15.455.407.623.056;96.703.235.106.534;5.424;5.424;168;170;165;167.753.530.166.881;173
Brunei Darussalam;BRN;;;;;;;;;;;;;;;3.500;3.700;3.600;3.400;3.500;3.600;4.400;4.400;5.100;6.700;9.600;11.800;12.200;13.600;13.600;162.000.009.765.625;12.739;12.237;11.953;11.812;13.322;11.808;12.381;12.128;13.071;12.274;12.333;11.672;10.374;10.920;10.392;11.624;11.058;10.743;11.310;14.091
Belarús;BLR;;;;;;;;;;;;;;;;;;;;;;;;35.300;35.300;35.300;31.800;5.600;5.700;6.100;5.772;5.891;5.545;6.047;6.211;5.407;5.646;6.210;6.371;5.868;12.101;14.378;14.608;17.820;21.168;22.939;26.857;29.562;31.676;35.741
Mauricio;MUS;300;300;300;300;400;400;400;1.300;1.400;4.200;5.300;5.000;5.100;5.400;6.000;6.400;6.500;5.800;5.900;6.400;8.400;7.700;7.700;8.000;8.200;8.900;9.400;11.000;11.000;10.700;12.162;12.269;12.720;12.969;14.791;14.743;13.692;12.090;11.742;11.144;11.750;12.353;12.258;12.079;12.131;12.646;13.614;14.842;14.940;14.937
Madagascar;MDG;17.600;17.600;16.200;16.000;16.500;16.600;20.500;23.100;24.300;23.900;24.500;21.000;15.100;15.000;16.500;16.200;15.600;15.700;16.100;15.300;17.200;14.300;15.300;16.900;16.200;17.800;17.200;16.800;18.300;18.600;20.491;20.129;9.433;17.202;18.016;17.911;14.142;37.310;11.861;9.566;11.714;123.327.272.727.273;13.267;9.451;10.385;8.852;7.230;7.650;10.170;10.600
República Democrática Popular Lao;LAO;3.100;2.300;2.400;2.500;2.400;2.400;2.400;1.800;400;400;400;400;400;400;500;500;1.500;2.000;2.000;2.100;3.400;3.400;3.700;3.700;3.700;3.900;3.900;3.900;3.900;6.300;6.411;6.652;6.971;7.068;8.413;9.002;9.959;9.957;10.007;9.793;11.374;12.262;158.361.286.311.187;16.944;12.732;9.772;9.986;9.731;16.299;16.359
Bulgaria;BGR;17.900;17.800;18.400;19.000;19.800;20.100;22.000;22.200;22.800;26.600;27.000;27.000;34.500;38.000;39.100;37.000;38.700;40.000;39.800;35.900;37.200;15.300;16.500;17.300;16.900;14.700;13.600;12.700;14.600;15.200;12.158;6.687;2.252;4.577;7.848;9.691;12.471;12.221;15.974;11.237;11.321;12.297;11.826;11.736;11.755;11.768;12.187;11.748;11.435;10.111
Sudán;SDN;9.300;9.500;9.100;9.100;9.200;9.200;9.800;10.300;10.500;10.600;10.400;7.800;7.800;9.000;9.200;7.900;5.100;6.400;5.500;8.000;9.100;6.800;8.400;10.000;10.600;9.300;9.800;5.500;4.400;7.500;7.753;7.562;7.523;7.849;8.435;8.695;8.839;9.418;7.219;7.178;10.897;167.270.882.365.286;135.254.963.291.617;9.432;6.852;6.021;3.165;5.831;3.178;3.116
Cabo Verde;CPV;;;;;;;1.500;1.500;1.500;1.500;1.600;2.400;4.800;7.300;7.600;8.100;6.100;6.700;6.700;6.700;6.700;6.600;6.800;6.800;6.800;7.100;7.400;14.600;14.800;12.100;13.010;8.745;8.735;9.434;16.612;19.905;19.862;21.086;12.236;11.560;10.363;106.580.712.931.195;105.552.286.515.647;8.148;7.728;7.989;8.745;4.868;9.385;10.205
Mónaco;MCO;;;;;;;;;;;5.800;5.800;5.800;5.800;9.400;9.400;12.500;12.500;12.500;12.500;12.500;12.500;12.500;12.500;12.500;12.500;12.500;12.500;12.700;28.900;31.479;29.905;14.959;14.024;12.022;12.249;14.092;15.170;13.071;10.351;10.067;10.603;110.345.454.545.454;10.956;10.928.727;10.728;611;3;3;3
Azerbaiyán;AZE;;;;;;;;;;;;;;;;;;;;;;;;22.200;22.200;19.600;19.500;17.200;10.100;8.500;8.012;7.922;8.175;9.195;11.090;12.470;12.777;13.039;12.008;10.264;9.885;15.082;16.597;15.886;21.910;23.781;24.009;20.699;19.960;22.254
Zambia;ZMB;9.300;10.600;10.800;10.000;10.000;11.200;12.800;9.300;10.500;9.200;6.800;5.400;6.500;6.000;5.700;4.700;4.900;5.400;5.600;2.900;6.500;2.800;2.700;4.200;4.300;;;1.200;1.200;5.400;6.118;4.886;4.875;5.214;5.825;5.965;6.013;6.396;4.361;;9.730;11.497;8.288;7.997;8.050;11.130;8.094;9.020;1.241;1.298
Albania;ALB;;;;;;;;;;;;;;;;;;;;;;;;;600;600;1.400;1.900;1.100;2.700;3.885;3.974;3.762;3.800;4.104;4.309;4.481;4.930;5.058;5.140;9.412;103.732.109.418.273;103.091.791.376.912;11.196;1.992;;306;1.904;2.935;2.558
Guyana;GUY;4.000;4.200;4.200;4.300;4.400;4.500;5.000;5.200;5.200;5.200;5.200;6.400;7.100;7.000;6.700;6.700;4.500;4.500;4.300;3.800;3.800;3.300;3.300;3.300;3.300;3.500;3.600;3.600;3.600;500;418;276;;;;;;;;;9.351;12.231;8.625;0;0;;;;1.931;1.578
Guatemala;GTM;10.500;8.200;8.300;1.800;3.200;3.700;4.500;5.000;4.400;4.300;3.200;3.100;3.100;2.000;2.000;2.200;1.800;2.100;2.100;2.300;3.400;3.400;4.500;4.600;4.600;5.100;5.100;6.400;6.500;;;;;;;;;;;;8.875;9.148;8.091;2.556;2.214;3.012;3.102;3.577;3.205;2.623
Namibia;NAM;;;;;;;;;;;;;;;;;;;;;;8.100;9.400;6.300;6.300;6.800;7.200;7.400;7.500;5.500;5.161;5.131;5.080;6.034;6.137;6.455;6.513;6.942;5.450;5.439;8.836;9.400;11.711;8.568;9.197;10.606;11.759;13.876;14.543;1.806
Armenia;ARM;;;;;;;;;;;;;;;;;;;;;;;;;;;2.200;4.300;4.500;2.900;4.406;2.804;2.997;3.842;5.657;5.939;6.177;5.975;6.681;7.632;8.761;5.561;6.043;852;0;;;;814;2.133
Togo;TGO;1.500;1.400;1.200;1.200;1.200;1.300;1.500;1.400;1.400;1.500;1.400;1.300;1.400;1.400;1.300;1.400;1.100;1.000;1.100;1.100;500;1.200;1.100;1.300;1.300;1.300;1.500;1.500;1.500;1.500;1.518;716;;;;;;;;;8.164;10.745;10.264;11.484;10.599.370.360.014;9.947;10.725;10.485;11.559;12.011.999
Iraq;IRQ;5.300;5.800;6.500;7.300;7.700;7.300;8.600;10.100;10.400;10.400;8.800;5.500;6.500;7.400;6.700;7.900;8.400;8.400;12.400;12.600;7.800;200;500;;300;;;;;;;;;;;;;;;;7.692;9.697;8.993;4.332;4.332;12.805;10.579;18509.38;48.355;30.270
Botswana;BWA;;;;;;;;;;1.600;2.700;2.600;2.600;2.600;2.800;3.500;3.300;4.300;4.600;4.900;5.800;6.700;6.300;3.800;3.600;4.000;4.200;4.900;5.400;5.900;6.703;7.138;7.304;7.214;7.885;8.181;6.905;7.366;6.105;6.142;7.681;791.025.856.004.678;842.223.447.986.064;9.396;8.304;7.741;7.933;7.002;6.774;6.361
Islas Salomón;SLB;;;;;;;;;;;8.500;9.200;10.000;9.600;10.700;10.900;10.700;11.100;11.100;11.100;11.100;11.100;11.100;3.800;4.000;10.400;10.800;10.800;11.000;12.500;11.481;12.496;13.011;9.745;11.512;12.318;13.883;13.640;13.649;13.529;7.388;704.895.461.126.849;665.969.835.873.915;11.352;11.532;13.107;13.711;14.365;14.365;11.094
Kirguistán;KGZ;;;;;;;;;;;;;;;;;;;;;;;;10.400;10.400;11.600;13.300;10.400;15.300;8.300;6.051;4.942;3.951;4.810;5.550;5.228;4.730;4.916;3.567;5.459;7.371;9.274;7.719;12.189;17.388;20.962;23.120;27.055;8.751;6.537
Zimbabwe;ZWE;10.400;10.800;10.800;11.400;;;;;;;10.900;11.100;11.100;10.800;10.600;9.400;8.900;8.800;9.700;10.000;10.300;13.300;13.500;11.000;9.800;9.900;10.000;17.700;17.800;15.300;13.603;8.848;5.050;3.950;4.269;4.410;6.819;7.272;5.917;5.937;7.077;100.207.056.112.793;115.603.678.539.236;27.684;3.730;4.145;4.231;3.444;3.444;
República de Moldova;MDA;;;;;;;;;;;;;;;;;;;;;;;;0;0;3.400;3.800;1.600;3.300;1.100;3.682;3.866;3.862;4.333;4.657;4.392;4.248;4.654;4.933;5.047;6.571;7.147;6.560;7.500;8.400;8.739;9.625;14.116;13.590;11.899
Mongolia;MNG;;;;;;;;;;;;;;;;;;;;;;9.800;17.900;10.000;10.000;10.500;10.500;4.900;4.900;2.200;6.200;5.947;6.264;7.358;6.702;5.332;6.169;6.158;5.592;4.783;6.528;719.425.844.122.874;961.102.826.134.262;4.212;570.556.146.973.701;5.219;6.009;5.277;7.777;8.310
Paraguay;PRY;4.400;4.500;4.100;4.100;4.100;4.100;4.200;5.700;5.800;5.900;6.300;5.900;5.900;6.000;6.400;6.600;7.300;7.800;6.400;6.200;6.100;7.300;7.400;13.600;6.800;900;10.200;4.200;4.400;8.000;7.556;8.173;8.497;8.557;9.104;10.059;9.807;10.351;10.522;9.758;6.459;687.373.284.970.825;6.594;6.408;5.496;4.116;3.864;3.454;10.160;8.090
Mauritania;MRT;5.600;4.800;4.600;4.000;3.900;4.200;4.400;4.700;4.700;4.800;4.900;4.800;4.900;4.900;4.000;4.100;4.400;4.100;4.200;4.200;3.600;4.300;4.200;4.400;4.400;4.600;4.800;4.900;4.900;3.600;3.761;2.230;1.510;1.612;1.686;1.720;1.725;1.833;1.159;1.114;6.373;4.235;3.077;3.984;4.044;4.277;4.307;5.331;4.910;5.566
Uganda;UGA;10.500;10.100;7.300;1.700;1.200;2.200;2.800;;;;1.500;2.700;2.800;3.100;2.100;1.100;1.800;1.700;1.200;2.000;2.000;800;500;1.500;1.500;900;900;900;900;3.000;263;266;263;263;302;317;330;353;349;359;6.290;4.879;5.990;8.616;6.864;2.332;3.828;1.953;3.777;3417.3
Rwanda;RWA;;;;;;;;;;;;1.000;3.500;3.500;3.400;3.500;900;1.900;900;700;500;1.500;500;500;500;;;;;;;;;;;;;;;;5.867;7.265;10.410;11.532;12.096;3.205;4.314;18.134;19.133;19.419
Côte d'Ivoire;CIV;4.300;3.900;3.800;4.000;4.000;4.600;4.900;4.900;5.100;5.200;5.600;10.300;10.400;10.400;10.700;6.100;6.100;6.700;7.100;5.600;5.400;4.900;5.000;4.600;4.300;4.400;4.600;3.500;3.500;6.300;2.342;716;;;;;;;;;5.604;907;415;3.912;4.032;9.068;9.463;14.884;14.666;12.890
Malí;MLI;3.600;2.800;2.700;2.600;2.600;2.600;2.900;3.100;3.100;3.700;3.800;3.600;3.800;3.600;3.400;3.100;1.700;100;;;;;1.100;1.300;1.300;1.300;1.500;1.500;1.500;1.500;1.518;716;;;;;;;;;4.656;5.580;2.753;360;0;;;;;
Burkina Faso;BFA;1.600;1.500;1.200;1.300;1.300;1.400;1.600;1.500;1.600;1.600;2.300;2.200;2.300;2.300;2.300;2.400;3.600;2.700;2.800;2.800;2.200;2.900;2.800;3.000;3.000;3.100;3.300;1.800;1.800;3.300;3.368;1.983;1.257;1.285;1.415;1.471;1.512;1.614;1.413;1.433;4.235;398.315.025.906.736;385.622.456.300.177;3.780;3.672;3.875;3.861;3.863;3.988;4.254
Turkmenistán;TKM;;;;;;;;;;;;;;;;;;;;;;;;;12.500;12.500;8.700;8.700;8.800;18.500;21.858;23.963;23.963;24.460;16.316;14.094;15.602;15.590;15.665;15.337;3.221;161.784.131.054.131;144.073.219.373.219;128.710.166.080.453;6068.32;8.548;12.890;16.843;18.184;17.075
Georgia;GEO;;;;;;;;;;;;;;;;;;;;;;;;;1.300;1.400;2.500;1.600;1.600;3.000;1.906;1.945;4.239;5.514;4.451;4.673;4.861;5.347;5.487;5.054;2.803;3.896;3.326;2.933;3.317;3.959;3.199;5.061;7.108;7.240
República Eslovaca;SVK;;;;;;;;;;;;;;;;;;;;;;;;1.800;1.600;2.400;3.200;3.500;5.100;5.700;2.421;1.817;4.215;6.845;12.663;13.914;14.521;23.997;24.044;32.020;2.702;990;1.439;1.824;721.068;70;85;51;;
Congo, República Democrática del;COD;8.300;7.900;8.100;8.900;12.000;19.200;18.600;15.800;14.100;13.600;11.800;12.200;9.200;7.400;7.600;3.900;5.000;5.200;4.500;4.800;5.100;3.500;3.000;2.600;3.900;;;;;;;5.200;;;;;;;;;1.945;2.295;4.781;11.448;11.580;12.476;11.513;18.757;8.271;7.532
Suriname;SUR;;;;;;;1.400;1.400;2.800;3.100;3.100;3.100;2.600;2.600;2.800;2.800;800;700;2.200;2.100;2.100;2.700;3.000;3.600;3.100;2.600;3.800;6.200;6.300;6.800;2.169;1.920;1.714;4.402;4.620;4.851;4.908;5.022;4.900;4.560;1.925;191.476.063.829.787;241.751.329.787.234;3.420;2.796;2.995;3.309;3.385;3.225;2.668
República Dominicana;DOM;8.600;3.900;3.900;4.200;4.200;3.700;10.000;11.300;10.700;5.900;5.000;4.300;5.600;6.100;6.800;6.800;6.200;5.300;6.100;6.000;9.500;4.500;4.300;3.900;3.000;2.800;1.300;1.400;1.400;400;;;;;;;;;;;1.552;2.286;2.303;1.908;1.584;1.421;1.170;;;13.796
Corea, República Popular Democrática de;PRK;7.600;9.100;;;;;;4.900;4.900;5.500;5.700;5.600;5.600;5.400;5.400;5.500;5.400;5.500;5.800;5.800;5.800;5.800;6.100;6.100;6.100;6.400;6.400;6.900;1.000;1.300;1.332;1.305;1.396;1.354;1.652;1.768;1.839;1.949;1.986;1.865;725;732;890;3.576;498.340.248.962.656;483;522;460;472;526
Nauru;NRU;;;;;;;;;;;;;;;;;;;;;;;;;;;;;;;;;;;;;;;;1.998;342;399;116;96;612;707;862;842;1.023;1.351
Camerún;CMR;3.800;2.800;2.300;4.000;0;3.700;0;7.200;6.500;10.000;8.300;8.400;8.500;8.200;8.100;8.200;6.100;6.200;6.200;9.700;7.100;7.000;4.100;4.100;4.200;3.800;3.800;6.500;6.600;5.400;5.580;10.103;4.720;9.524;10.337;10.696;10.925;11.650;9.471;9.501;0;3.036;4.938;5.640;5.640;5.499;8.212;5.640;5.550;4.724
Gambia;GMB;;;;;;;;;;;;;;;;;;;;;;;;;;;;;;;;;;;;;;;;;0;0;140;1.788;1.848;35;440;625;1.116;1.136
Jamaica;JAM;18.600;19.500;21.500;13.700;16.100;12.600;23.800;19.800;20.100;21.100;20.700;19.500;20.000;29.200;26.500;27.700;21.600;24.000;23.300;25.200;21.300;20.900;20.000;20.000;18.700;17.000;18.300;12.300;12.500;20.600;16.577;24.440;23.343;23.976;23.338;21.787;21.133;22.401;22.894;16.840;0;0;0;492;953;997;1.128;1.181;1.215.272;
Níger;NER;2.900;2.900;2.600;2.700;2.700;2.700;2.900;2.800;2.900;2.900;3.100;3.000;2.500;2.500;2.400;1.100;2.300;2.200;2.300;1.100;500;1.200;1.100;1.300;1.300;1.300;1.500;1.500;1.500;1.500;1.518;716;;;;;;;;;0;0;1.416;1.044;407;469;471;471;;
Senegal;SEN;4.100;4.200;4.000;4.100;4.100;4.200;4.500;4.400;4.500;4.500;5.800;5.600;5.800;6.000;6.100;6.200;3.800;3.700;3.800;3.800;3.500;4.200;4.100;4.300;4.300;4.500;4.700;4.800;3.600;2.400;2.415;2.606;6.471;2.396;6.166;6.441;0;;;0;0;5.251;7.730;5.808;4.044;3.656;582;1.087;5.817;5.980
Sierra Leona;SLE;;;;;;1.900;3.000;3.100;3.100;3.100;3.200;600;600;600;3.100;3.100;3.100;1.900;1.500;700;500;;100;100;200;200;200;0;0;;202;139;138;138;156;164;171;183;181;186;0;2.085;2.145;;;;;;;
Aruba;ABW;;;;;;;;;;;;;;;;;;;;;;;;;;;;;;;;;;;;;;;;;;;;;;;;2.132;2.276;
Andorra;AND;;;;;;;;;;;;;;;;;;;;;;;;;;;;;;;;;;;;;;;;;;;;;;;;;;
Burundi;BDI;;;;;;;300;300;400;400;500;500;500;500;600;600;400;900;900;900;900;900;900;900;900;1.000;1.000;1.400;1.400;;;;;;;;;;;;;;;;;;;;;
Bermudas;BMU;;;;;;;;;;;;;;;;;;;;;;;;;;;;;;;;;;;;;;;;;;;;;;;;;;
Barbados;BRB;;100;200;400;300;400;500;600;600;600;300;400;300;300;300;500;1.400;1.100;700;700;700;700;;;;;;;;;;;;;;;;;;;;;;;;;;;;
República Centroafricana;CAF;3.600;3.600;3.300;3.400;3.400;3.700;3.900;3.800;4.100;4.200;4.300;4.000;4.200;4.100;4.200;4.300;4.300;4.300;4.400;4.400;3.800;4.500;1.100;1.300;1.300;1.300;1.500;1.500;1.500;1.500;1.518;716;;;;;;;;;;;;;;;;;;
Islas del Canal;CHI;;;;;;;;;;;;;;;;;;;;;;;;;;;;;;;;;;;;;;;;;;;;;;;;;;
Comoras;COM;;;;;;;;;;;;;;;1.100;1.200;1.000;1.000;1.000;1.000;1.000;1.000;1.000;1.000;1.000;1.100;1.100;;;;;;;;;;;;;;;;;;;;;;;
Curacao;CUW;;;;;;;;;;;;;;;;;;;;;;;;;;;;;;;;;;;;;;;;;;;;;;;;;;
Islas Caimán;CYM;;;;;;;;;;;;;;;;;;;;;;;;;;;;;;;;;;;;;;;;;;;;;;;;;;
Djibouti;DJI;;;;;;;;;1.500;1.500;2.800;3.100;3.200;3.800;3.900;3.200;3.900;2.100;3.900;3.900;3.900;3.900;;;;;;;;;;;;;;;;;;;;;;;;;;;;
Dominica;DMA;;;;;;;;;;;;;;;;;;;;;;;;;;;;;;;;;;;;;;;;;;;;;;;;;;
Dinamarca;DNK;50.600;64.700;69.800;70.700;67.200;66.100;67.700;67.600;70.000;74.300;69.700;64.000;69.200;77.700;62.000;75.400;82.800;85.000;84.600;87.500;90.600;87.400;91.100;101.900;97.200;101.600;107.800;118.600;114.600;106.300;109.369;110.492;97.713;90.641;99.598;;;;;;;;;;;;;;;
Eritrea;ERI;;;;;;;;;;;;;;;;;;;;;;;;;;;;;;;;;;;;;;;;;;;;;;539;714;919;1.018;1.111
Islas Feroe;FRO;;;;;;;;;;;;;;;;;;;;;;;;;;;;;;;;;;;;;;;;;;;;;;;;;;
Micronesia (Estados Federados de);FSM;;;;;;;;;;;;;;;;;;;;;;;;;;;;;;;;;;;;;;;;;;;;;;;;;;
Gibraltar;GIB;;;;;;;;;;;;;;;;;;;;;;;;;;;;;;;;;;;;;;;;;;;;;;;;;;
Guinea;GIN;2.000;2.000;2.100;2.200;2.200;2.300;2.300;2.300;2.300;2.300;2.300;3.500;3.500;3.500;3.600;3.600;500;900;900;900;1.100;1.100;700;700;1.400;700;700;700;700;600;;;;;;;;;;;;;;;;;;;;
Guinea-Bissau;GNB;;;;;;;;;1.200;1.200;1.200;1.200;1.200;1.200;1.200;1.200;1.200;1.200;1.200;1.200;1.200;1.200;1.200;1.200;1.200;1.200;1.200;1.200;1.200;;;;;;;;;;;;;;;;;;;;;
Granada;GRD;;;;;;;;;;;;;;;;;;;;;;;;;;;;;;;;;;;;;;;;;;;;;;;;;;
Groenlandia;GRL;;;;;;;;;;;;;;;;;;;;;;;;;;;;;;;;;;;;;;;;;;;;;;;;;;
Guam;GUM;;;;;;;;;;;;;;;;;;;;;;;;;;;;;;;;;;;;;;;12.139;11.470;;;;;;;;;;
Haití;HTI;3.200;3.200;3.200;3.400;700;700;700;700;700;700;700;800;800;800;800;800;800;800;800;800;800;800;;;;;;;;;;;;;;;;;;;;;;;;;;;;
Isla de Man;IMN;;;;;;;;;;;;;;;;;;;;;;;;;;;;;;;;;;;;;;;;;;;;;;;;;;
No clasificado;INX;;;;;;;;;;;;;;;;;;;;;;;;;;;;;;;;;;;;;;;;;;;;;;;;;;
Kiribati;KIR;;;;;;;;;;;;6.600;6.600;6.700;7.100;4.200;3.400;3.000;3.000;3.000;2.900;2.900;2.900;2.900;2.900;3.000;3.100;3.100;3.200;;;;;;;;;;;;;;;;;;;5.005;5.005;4.388
Saint Kitts y Nevis;KNA;;;;;;;;;;;;;;;;;;;;;;;;;;;;;;;;;;;;;;;;;;;;;;;;;;
Liberia;LBR;;;;;1.400;1.400;1.400;1.500;1.500;1.700;1.800;7.100;7.600;8.000;6.000;2.800;2.800;2.800;2.900;2.900;2.300;2.200;2.200;;;;;;;;;;;;;;;;;;;;;;;;;;;
Santa Lucía;LCA;;;;;;;;;;;;;;;;;;;;;;;;;;;;;;;;;;;;;;;;;;;;;;;;;;
Liechtenstein;LIE;;;;;;;;;;;;;;;;;;;;;;;;;;;;;;;;;;;;;;;;;;;;;;;;;;
Lesotho;LSO;;;;;900;900;1.000;1.000;3.300;4.900;3.100;3.100;4.600;3.000;3.100;4.700;4.800;3.900;2.200;4.600;4.600;4.600;1.900;1.100;2.400;1.800;1.400;700;2.100;200;;;;;;;;;;;;;;;;;;;;
Isla de San Martín (parte francesa);MAF;;;;;;;;;;;;;;;;;;;;;;;;;;;;;;;;;;;;;;;;;;;;;;;;;;
Maldivas;MDV;;;;;;300;500;600;700;700;800;500;500;500;500;800;900;700;700;700;800;800;800;800;2.600;4.000;4.100;3.300;6.000;4.400;5.970;3.286;3.417;3.520;4.224;4.520;5.108;5.006;5.006;4.971;;;;;26.849;31.472;33.006;33.904;26.678;27.199
Islas Marshall;MHL;;;;;;;;;;;;;;;;;;2.500;2.600;2.800;3.300;3.300;5.500;5.500;8.800;8.300;4.600;3.900;3.600;3.700;2.324;2.744;3.876;3.911;3.683;3.083;3.573;3.508;3.510;3.480;;;;;;;;2.218;2.244;1.967
Macedonia del Norte;MKD;;;;;;;;;;;;;;;;;;;;;;;;3.200;3.400;3.500;4.900;3.900;7.600;6.400;8.047;4.673;1.964;2.263;2.398;2.277;2.368;2.605;2.813;1.389;;;;;;;;;;
Mariana;MNP;;;;;;;;;;;;;;;;;;;;;;;;;;;;;;;;;;;;;;;;;;;;;;;;;;
Nueva Caledonia;NCL;;;;;;;;;;;;;;;;;;;;;;;;;;;;;;;;;;;;;;;;;;;;;;;;;;
Nicaragua;NIC;4.400;4.700;5.000;10.100;10.100;10.500;9.800;5.900;5.900;5.900;4.200;3.600;1.800;1.900;2.200;2.300;2.000;2.000;2.000;3.600;3.900;3.900;4.200;600;700;800;800;800;800;500;452;;;;;;;;;;;;;;;;;;;
Noruega;NOR;83.600;96.500;110.700;120.900;126.900;137.700;141.700;149.700;150.000;167.800;171.100;158.800;161.100;169.400;177.100;190.500;229.900;233.300;222.600;221.400;233.500;228.000;253.700;249.800;259.200;266.500;279.500;301.500;305.100;334.500;320.753;306.511;270.045;248.403;254.045;;;;;;;;;;;;;;;
Palau;PLW;;;;;;;;;;;;;;;;;;;;;;;;;;;;;;;;;;;;;;;;;;;;;;;;;;
Puerto Rico;PRI;;;;;;;;;;;;;;;;;;;;;;;;;;;;;;;;;;;;;;;;;;;;;;;;;;
Ribera Occidental y Gaza;PSE;;;;;;;;;;;;;;;;;;;;;;;;;;;;;;;;;;;;;;;;;;;;;;;;;;
Polinesia Francesa;PYF;;;;;;;;;;;;;;;;;;;;;;;;;;;;;;;;;;;;;;;;;;;;;;;;;;
San Marino;SMR;;;;;;;;;;;;;;;;;;;;;;;;;;;;;;;;;;;;;;;;;;;;;;;;;;
Sudán del Sur;SSD;;;;;;;;;;;;;;;;;;;;;;;;;;;;;;;;;;;;;;;;;;;;;;;;;;
Santo Tomé y Príncipe;STP;;;;;;;;;;;;;;;;300;300;700;700;700;700;700;700;700;700;700;700;800;800;1.100;1.135;1.135;1.128;1.170;1.267;1.310;1.337;1.426;1.142;1.143;;;;;;;;;466;468
Suecia;SWE;92.000;99.100;104.200;102.700;103.900;98.800;113.800;100.800;99.800;103.700;117.100;123.400;127.700;140.100;152.000;150.300;173.100;180.200;189.700;203.000;208.000;178.100;186.700;183.200;195.100;170.600;183.500;207.400;223.400;236.300;247.707;233.803;198.291;183.532;190.315;;;;;;;;;;;;;;;
Eswatini;SWZ;;;;600;600;600;600;700;700;500;600;1.300;1.000;1.300;1.500;1.600;1.900;1.800;1.400;1.300;1.400;1.500;1.900;1.600;1.800;2.700;2.700;2.000;2.000;2.500;2.586;;;;;;;;;;;;;;;;;;2.224;2.270
Sint Maarten (Dutch part);SXM;;;;;;;;;;;;;;;;;;;;;;;;;;;;;;;;;;;;;;;;;;;;;;;;;;
Islas Turcas y Caicos;TCA;;;;;;;;;;;;;;;;;;;;;;;;;;;;;;;;;;;;;;;;;;;;;;;;;;
Timor-Leste;TLS;;;;;;;;;;;;;;;;;;;;;;;;;;;;;;;;;;;;;;;;;;;;;;;;;;
Tonga;TON;;;;;;;;;;;;;;;1.200;1.200;4.500;5.900;4.800;4.800;4.300;4.300;4.300;4.300;4.800;4.800;5.200;3.700;3.700;3.800;3.814;4.157;4.323;4.453;5.255;;;;;;;;;;;;;;;
Tuvalu;TUV;;;;;;;;;;;;;;;;;;;;;;;;;;;;;;;;;;;;;;;;;;;;;;;;;;
Uruguay;URY;6.800;7.000;4.800;5.000;10.400;10.400;12.200;11.900;10.900;11.900;13.000;11.000;10.500;8.500;8.500;8.100;5.600;5.800;5.200;7.700;5.000;5.000;5.100;8.500;9.000;9.000;6.700;8.200;9.900;10.300;10.852;9.550;8.404;7.032;8.343;8.934;8.666;9.186;9.388;8.731;;;;;;;;;;
San Vicente y las Granadinas;VCT;;;;;;;;;;;;;;;;;;;;;;;;;;;;;;;;;;;;;;;;;;;;;;;;;;
Islas Vírgenes Británicas;VGB;;;;;;;;;;;;;;;;;;;;;;;;;;;;;;;;;;;;;;;;;;;;;;;;;;
Islas Vírgenes (EE.UU.);VIR;;;;;;;;;;;;;;;;;;;;;;;;;;;;;;;;;;;;;;;;;;;;;;;;;;
Samoa;WSM;;;;;;;;;;;;;;;;;;;;;;;;;;;6.500;1.200;9.900;10.700;10.877;11.802;12.317;9.010;10.691;11.439;12.752;12.658;12.699;12.492;;;;;9.144;11.759;13.805;6.098;6.848;6.220
Kosovo;XKX;;;;;;;;;;;;;;;;;;;;;;;;;;;;;;;;;;;;;;;;;;;;;;;;;;